driver_race,drugs_related_stop,stop_time,stop_duration,violation_raw
black,True,16:13,41,Other
white,True,4:44,24,Other
black,False,18:15,1,DUI
black,False,6:19,13,DUI
black,True,10:6,40,Speeding
white,True,19:44,54,Equipment
white,True,9:26,14,Other
white,True,13:45,27,Speeding
white,True,2:0,24,Speeding
black,False,17:51,19,Speeding
black,False,8:56,36,Speeding
white,False,1:13,6,Speeding
white,False,5:3,48,Speeding
black,False,2:8,32,Other
white,True,1:31,21,DUI
white,False,6:48,38,Other
black,True,3:36,52,Speeding
white,False,15:20,8,Equipment
black,False,8:52,11,Equipment
white,False,12:47,32,Equipment
white,False,8:53,21,Equipment
white,True,1:37,36,DUI
white,False,12:45,49,Other
black,False,18:31,59,Other
white,True,12:12,13,Equipment
black,True,18:11,30,Other
white,True,3:5,22,DUI
white,True,15:26,26,Other
black,False,22:59,20,Other
white,False,2:32,15,Other
black,False,14:36,38,DUI
white,True,4:21,42,Speeding
white,False,23:30,8,Speeding
black,True,3:16,38,Speeding
white,False,11:3,49,Speeding
white,True,18:18,12,DUI
white,False,17:20,52,Equipment
white,True,13:56,47,Other
white,True,12:23,12,Equipment
white,True,19:47,4,Other
black,True,15:13,48,Other
white,True,18:35,29,Equipment
black,False,23:54,57,Other
black,True,23:1,58,Equipment
black,True,18:40,44,Equipment
white,True,10:40,13,Other
black,False,13:45,35,Other
white,True,11:41,41,Equipment
white,True,11:8,3,Other
black,True,20:38,11,Other
white,False,15:58,41,Speeding
white,False,6:42,44,DUI
black,False,12:25,57,Other
white,False,21:42,18,Speeding
white,False,7:46,56,DUI
white,False,0:9,32,Other
black,True,6:43,32,Speeding
black,True,17:51,47,Other
black,True,3:27,8,Other
white,False,5:29,20,DUI
black,False,7:46,46,Other
black,True,5:52,24,Speeding
white,True,19:40,47,Speeding
white,True,22:58,30,Equipment
white,True,3:6,58,Equipment
white,True,13:8,51,Other
white,False,5:48,5,Speeding
white,True,10:7,15,DUI
black,False,7:32,15,Equipment
white,False,16:24,26,DUI
white,False,20:5,4,Speeding
white,False,17:15,34,Equipment
white,True,18:25,59,Speeding
black,False,7:41,15,Other
black,True,18:39,59,Other
black,True,16:26,2,Speeding
black,False,1:3,38,Other
white,False,4:35,45,Equipment
white,False,2:54,44,Other
white,True,2:40,7,Speeding
white,False,20:2,44,Speeding
black,False,4:2,24,Equipment
white,True,13:40,48,Speeding
black,True,10:39,59,Equipment
black,True,10:8,48,Equipment
white,False,19:40,2,Other
white,True,2:26,37,Other
white,True,10:0,37,Equipment
black,False,6:23,23,Other
black,False,17:39,2,Other
white,True,16:8,56,DUI
white,True,22:27,49,Speeding
white,False,1:9,11,Equipment
black,True,7:41,16,Other
black,True,3:25,24,Speeding
white,False,16:56,3,Other
black,False,22:1,16,Speeding
white,True,21:18,46,DUI
white,False,18:27,58,Other
white,False,7:13,11,Other
black,True,7:13,43,Equipment
black,False,13:53,49,Equipment
black,False,0:1,32,Speeding
white,True,20:6,40,Equipment
black,False,9:24,27,Speeding
white,True,15:32,47,DUI
white,False,2:12,4,DUI
black,False,12:4,38,Other
black,False,9:19,30,DUI
white,False,21:30,39,Equipment
black,False,17:40,39,Other
black,True,21:8,45,Speeding
white,True,19:4,45,Equipment
black,False,6:40,19,DUI
white,False,18:6,17,Speeding
white,True,14:44,17,Other
black,True,20:47,36,Speeding
black,False,4:9,5,DUI
white,True,7:19,41,Speeding
black,False,0:6,30,Other
white,False,23:43,57,Other
white,False,2:41,43,Other
black,True,19:51,17,Other
white,True,8:6,18,DUI
white,False,3:51,33,Other
white,True,15:5,9,Equipment
white,False,13:37,2,Equipment
white,True,7:26,23,Speeding
white,False,16:48,26,DUI
black,False,14:54,46,Other
black,False,0:6,16,Speeding
white,True,15:4,21,DUI
white,True,17:9,2,Other
black,True,17:30,17,Speeding
black,False,15:44,9,Equipment
white,False,4:51,52,DUI
black,False,2:50,49,Other
white,False,18:11,50,Other
white,True,6:4,48,Equipment
white,True,13:19,30,Speeding
white,True,6:21,9,DUI
white,True,16:30,5,Other
black,False,13:39,26,DUI
white,True,14:21,15,DUI
black,False,14:31,33,DUI
white,False,12:19,45,Speeding
white,True,3:30,37,Speeding
white,True,21:47,21,DUI
black,True,14:16,44,DUI
white,False,0:12,35,Other
white,True,16:16,23,Other
white,True,14:27,7,DUI
black,False,8:29,47,Other
white,False,13:32,41,Other
black,True,15:34,12,DUI
black,True,10:31,10,DUI
black,True,0:52,55,Speeding
white,False,10:19,14,Equipment
black,False,13:36,31,Equipment
white,False,17:56,45,Other
black,True,9:32,31,Equipment
black,False,20:8,26,Other
white,False,20:35,23,DUI
black,True,21:27,32,Other
black,False,15:8,13,Speeding
white,False,7:7,5,Equipment
white,False,5:40,59,Other
black,True,17:21,55,Equipment
white,True,19:4,44,Equipment
white,False,16:14,11,Speeding
black,False,17:0,3,Speeding
black,True,20:11,20,Equipment
black,False,19:48,16,Speeding
black,False,23:12,59,DUI
black,True,2:42,44,Equipment
black,True,17:47,8,DUI
white,True,16:54,29,Equipment
white,True,5:54,10,DUI
white,True,9:23,39,Other
white,True,8:48,49,Equipment
white,False,15:49,23,Other
white,False,1:49,11,Speeding
white,False,13:8,10,Speeding
black,False,9:14,10,DUI
black,False,10:53,57,DUI
white,True,0:49,20,Equipment
black,True,4:19,14,Equipment
white,True,23:20,3,DUI
white,False,20:10,41,DUI
black,True,18:11,19,Equipment
black,True,18:25,54,DUI
black,False,22:28,35,Equipment
black,False,8:17,44,Equipment
black,True,10:31,1,Speeding
black,False,22:23,51,Other
white,True,11:21,26,Equipment
black,False,14:51,41,Other
black,False,20:19,11,Other
white,True,7:35,30,DUI
black,True,18:27,35,Speeding
black,False,9:14,32,DUI
black,True,6:32,18,Speeding
white,True,18:55,53,Other
black,False,9:38,50,DUI
white,False,1:20,12,Other
white,True,4:32,23,Other
white,False,23:56,8,Other
black,True,19:51,44,DUI
white,True,0:2,28,Other
black,True,3:21,17,Speeding
black,False,17:3,23,DUI
white,True,2:42,43,Speeding
black,True,7:35,57,Speeding
black,True,0:36,31,DUI
white,False,11:11,7,DUI
black,True,18:40,53,Other
white,True,16:31,9,Other
black,False,17:42,7,Other
black,False,20:58,16,Speeding
black,True,7:12,2,DUI
black,True,14:16,16,Speeding
white,True,13:10,2,Speeding
black,True,1:41,56,DUI
white,True,2:20,33,Other
white,False,3:38,58,DUI
black,True,17:14,29,Speeding
white,False,16:22,14,DUI
white,False,22:2,35,Speeding
black,True,12:24,44,DUI
black,True,6:58,21,Equipment
white,True,16:51,55,Speeding
white,False,10:12,37,Speeding
black,True,3:41,29,Other
black,False,11:37,36,Equipment
black,False,23:12,57,DUI
black,False,9:47,12,DUI
black,True,0:41,47,DUI
black,True,5:50,58,Speeding
white,False,5:31,22,Equipment
white,True,7:16,3,Speeding
white,True,18:28,38,Speeding
black,True,22:55,31,Speeding
white,False,5:31,49,Speeding
black,False,8:21,48,DUI
white,False,16:30,9,DUI
black,False,8:31,35,Equipment
black,True,17:0,29,DUI
black,True,10:4,12,DUI
white,False,13:34,36,Other
black,True,12:3,4,DUI
black,True,13:44,23,DUI
black,False,18:24,4,Equipment
black,False,11:47,2,Other
white,True,11:6,43,Speeding
black,False,7:23,7,DUI
black,True,11:35,44,Other
black,True,5:49,5,Equipment
white,True,8:14,45,Other
white,True,3:6,23,DUI
white,False,12:8,32,Equipment
black,False,16:15,56,Other
black,True,2:10,6,Other
white,False,16:48,28,DUI
black,True,14:36,21,Other
white,False,11:34,18,Other
black,False,7:43,53,Equipment
white,False,5:29,44,Speeding
black,True,10:45,1,Equipment
black,True,16:6,36,Speeding
white,False,7:8,12,Other
black,False,8:49,6,DUI
white,True,11:52,38,Other
white,True,15:38,45,Equipment
white,False,6:38,57,Speeding
black,True,21:41,7,Equipment
white,True,3:25,30,Other
black,False,14:48,38,Equipment
white,True,8:20,2,DUI
white,False,8:37,23,Other
black,True,14:13,50,DUI
black,False,20:57,20,DUI
black,True,4:22,37,Other
black,False,9:48,41,DUI
white,False,20:40,33,Other
black,True,21:11,58,DUI
black,False,18:11,17,Speeding
white,True,16:38,24,Equipment
black,True,18:51,37,Other
black,False,23:35,26,Speeding
black,True,14:22,36,Other
white,False,20:47,8,Speeding
white,False,2:37,5,Equipment
white,True,5:58,20,DUI
black,True,15:22,43,Speeding
black,False,16:29,3,Other
white,False,18:58,47,DUI
black,True,18:43,52,Equipment
black,True,13:46,55,Speeding
white,True,8:26,7,Speeding
white,False,9:48,22,Equipment
black,False,1:11,25,Equipment
black,False,23:4,7,Other
white,False,18:24,3,Other
white,False,12:51,57,Speeding
black,True,6:54,40,Speeding
black,True,16:10,43,Speeding
black,True,19:7,40,Equipment
black,False,17:36,52,Other
black,True,10:6,39,Equipment
black,True,11:11,19,Speeding
white,True,16:20,26,Speeding
white,False,12:30,26,DUI
white,True,9:52,17,DUI
white,False,16:48,15,Other
black,True,10:22,37,Equipment
black,False,4:28,30,Other
white,True,22:10,44,Speeding
white,False,18:54,51,Speeding
black,True,7:27,31,Speeding
white,True,21:18,20,Speeding
white,True,5:10,24,Speeding
white,False,12:8,37,DUI
black,True,13:48,10,DUI
black,False,22:50,14,DUI
white,False,1:25,13,Other
black,False,17:8,13,Equipment
white,False,23:8,23,Equipment
black,False,1:55,26,Other
white,False,22:57,47,Speeding
black,True,15:13,5,DUI
black,True,7:47,26,DUI
white,True,1:36,16,Equipment
white,True,17:6,16,Other
white,False,11:59,1,DUI
black,False,18:27,56,Equipment
black,False,1:37,46,Other
white,True,9:57,15,Equipment
black,True,14:28,52,Other
black,False,3:3,27,Speeding
white,False,10:29,53,DUI
white,True,1:8,31,Speeding
white,False,8:17,56,Equipment
white,False,16:40,48,Equipment
white,False,15:36,17,Equipment
black,False,18:57,15,Equipment
black,True,14:55,27,DUI
black,True,3:20,39,Speeding
white,True,21:16,29,Other
white,True,1:35,55,Speeding
black,True,4:25,59,Speeding
white,False,20:13,54,Equipment
black,True,20:41,20,DUI
black,False,19:33,7,DUI
black,False,15:41,55,Speeding
black,True,5:32,19,DUI
black,False,7:2,44,DUI
white,False,21:12,37,Equipment
black,False,11:5,51,Equipment
white,False,11:47,8,DUI
white,True,15:51,7,DUI
black,False,12:52,15,Other
black,False,16:34,1,Speeding
white,True,5:53,55,DUI
black,False,12:12,55,Equipment
black,True,9:43,30,DUI
white,False,0:10,25,Speeding
white,False,0:35,15,Speeding
black,False,13:2,34,Speeding
black,True,5:48,46,Speeding
white,True,8:51,35,Equipment
black,True,3:22,21,Speeding
black,False,3:43,18,DUI
black,False,10:5,20,Other
black,False,7:57,36,Speeding
black,True,23:37,44,Equipment
black,True,6:51,27,Equipment
white,True,19:50,35,Other
white,False,16:14,40,Equipment
white,True,14:18,47,Equipment
black,False,19:2,17,Speeding
black,True,4:56,32,DUI
black,False,22:21,5,Equipment
white,False,15:56,13,Equipment
white,True,12:38,46,Other
white,True,9:35,29,DUI
black,True,12:54,58,Other
black,False,16:31,10,DUI
black,False,6:56,37,Equipment
white,False,19:2,35,Equipment
white,False,1:22,12,Speeding
white,True,9:43,7,Equipment
white,True,13:53,41,Speeding
black,True,2:58,10,Speeding
black,True,12:19,48,Equipment
white,False,22:53,29,Equipment
black,True,5:43,34,DUI
black,True,5:15,39,Equipment
black,True,1:7,32,Equipment
black,True,12:3,20,Other
white,True,13:34,29,Speeding
white,False,10:4,5,Equipment
white,False,2:13,59,Speeding
black,True,5:15,25,Other
black,True,7:47,14,Other
white,True,10:25,44,Other
white,True,21:40,22,Equipment
white,False,20:30,33,Speeding
white,False,10:4,45,Equipment
black,False,22:36,53,DUI
black,False,14:21,23,Other
black,False,19:23,29,Other
black,True,14:44,4,Speeding
black,True,22:15,41,Equipment
black,True,0:20,57,Other
white,True,3:2,18,Equipment
white,False,16:46,52,DUI
white,False,22:37,29,DUI
black,True,17:48,18,Equipment
white,True,11:21,26,Other
black,False,23:55,27,Speeding
black,False,8:58,4,Speeding
black,True,1:26,26,Speeding
white,True,8:18,11,Other
white,True,12:21,30,Equipment
white,False,21:44,49,Other
white,False,23:1,36,Equipment
black,True,22:35,12,Equipment
white,True,2:19,6,Equipment
black,True,5:8,6,Speeding
black,True,10:31,44,Equipment
white,False,21:5,46,DUI
white,True,15:15,50,DUI
white,True,17:31,25,Speeding
white,True,14:51,18,DUI
white,False,17:48,40,DUI
black,True,2:3,9,Other
white,True,14:34,43,Other
black,False,21:5,28,Other
black,True,16:9,20,Other
white,True,22:36,44,Other
black,True,4:22,44,Other
white,True,3:55,25,Equipment
white,True,11:57,56,DUI
black,True,17:26,55,Equipment
black,False,6:59,53,Equipment
black,False,17:24,23,DUI
white,False,2:17,16,Speeding
white,True,2:34,57,Other
white,True,0:53,25,Other
white,True,1:10,21,Speeding
black,False,22:22,38,Other
white,True,7:16,51,Speeding
black,False,17:39,25,Equipment
black,False,1:1,5,Speeding
black,True,22:51,27,DUI
black,False,22:0,9,Equipment
black,True,7:32,25,DUI
black,True,0:56,4,Other
black,True,15:16,25,Equipment
black,False,0:18,23,DUI
black,True,17:51,27,Speeding
white,False,11:46,45,Other
white,True,7:44,12,Equipment
black,True,21:13,52,Equipment
white,True,0:25,16,DUI
white,False,22:54,21,Other
white,False,18:58,36,Other
black,False,23:26,2,Other
white,False,13:44,59,Other
white,True,2:7,19,Equipment
black,True,20:12,54,DUI
black,False,3:47,46,Other
black,False,16:47,39,Other
black,True,14:23,35,DUI
white,False,20:36,18,Speeding
white,False,8:27,21,Equipment
white,True,13:21,14,DUI
black,True,20:8,55,Other
black,True,14:53,39,Other
black,False,6:15,41,Other
white,True,5:22,22,Equipment
black,True,5:41,9,Speeding
black,False,10:5,18,DUI
black,True,12:47,44,Other
black,True,2:22,31,Equipment
black,True,15:58,1,Speeding
black,True,21:6,28,DUI
white,False,3:9,36,Equipment
white,True,8:16,2,Other
white,False,17:6,54,DUI
black,False,11:17,44,DUI
white,True,9:32,6,Equipment
black,True,12:31,24,Speeding
white,True,18:43,50,Equipment
white,True,8:47,44,Other
black,True,3:1,13,Speeding
white,True,17:57,47,DUI
black,True,21:46,27,Other
white,True,13:56,47,Equipment
black,False,18:45,40,Speeding
black,True,8:1,22,DUI
black,True,20:33,25,Equipment
white,False,8:4,50,Equipment
black,True,8:7,6,Equipment
white,False,21:21,59,Equipment
black,True,3:58,9,Other
white,False,12:39,2,DUI
white,False,6:31,25,DUI
black,True,4:53,34,DUI
white,False,4:7,39,Speeding
black,True,6:23,31,Equipment
black,False,1:31,17,Equipment
white,False,21:4,23,DUI
black,False,19:7,40,DUI
white,False,8:25,55,Speeding
white,True,16:10,44,Speeding
white,False,18:4,20,Speeding
black,True,12:22,22,Other
white,False,7:15,52,Equipment
white,True,13:16,25,DUI
black,True,0:34,51,Other
black,True,13:45,29,Other
white,False,21:57,5,DUI
white,True,10:17,30,Other
white,False,17:17,39,DUI
white,True,19:33,17,Equipment
white,True,13:17,26,Other
black,True,8:4,10,Other
black,False,7:10,53,Speeding
white,False,22:48,8,Speeding
white,True,0:28,31,Speeding
black,False,9:47,28,Equipment
white,False,9:43,16,Other
white,False,0:27,10,Equipment
white,False,22:49,38,Speeding
black,False,16:37,36,Speeding
white,True,17:22,22,DUI
white,True,3:19,14,Equipment
white,True,21:10,17,Other
black,False,9:30,25,Other
white,False,20:15,33,Speeding
black,True,0:42,44,Other
white,False,8:51,36,DUI
black,False,16:16,22,Equipment
black,False,5:17,38,Speeding
black,False,23:28,53,Equipment
black,False,2:7,19,DUI
white,True,10:35,40,Other
black,False,3:45,17,Equipment
black,False,0:59,41,Speeding
white,False,10:7,23,Speeding
white,False,7:28,34,Speeding
white,True,12:42,52,DUI
black,True,1:27,33,Equipment
black,True,13:20,50,Equipment
black,True,21:1,26,DUI
black,True,11:39,11,Other
white,False,5:38,54,Speeding
white,True,14:8,40,Other
white,False,21:46,38,Equipment
white,True,2:9,35,DUI
white,True,21:18,7,Speeding
white,True,0:9,40,DUI
white,False,5:54,58,Equipment
black,False,5:20,32,Speeding
white,False,21:28,6,Equipment
white,False,11:50,9,DUI
black,False,23:57,13,Other
black,True,16:59,30,Other
black,False,14:43,7,Speeding
black,True,23:24,1,Equipment
black,True,21:48,17,Other
white,False,8:8,53,Speeding
black,False,5:54,26,Other
black,False,19:54,58,Other
black,False,9:16,6,Speeding
white,False,8:54,36,Other
white,True,14:8,12,Speeding
white,False,0:37,24,Speeding
black,False,21:44,1,Other
white,True,13:21,36,Equipment
black,False,6:54,25,DUI
white,True,15:26,52,DUI
black,False,0:30,1,Other
black,True,23:21,16,DUI
black,True,0:23,37,Other
black,True,11:21,2,Equipment
black,True,6:32,27,DUI
white,False,0:40,27,Equipment
white,False,12:3,32,Speeding
black,True,3:14,50,Speeding
black,True,16:19,11,Other
black,False,0:41,44,Other
white,True,10:46,38,DUI
black,False,11:21,23,DUI
black,True,19:16,14,Speeding
white,False,9:19,2,Other
white,False,17:53,16,Speeding
black,True,1:59,32,Other
white,True,23:11,54,Equipment
black,True,5:5,48,Speeding
black,True,5:29,46,Equipment
white,False,1:51,16,DUI
black,True,2:43,7,Speeding
black,True,8:20,28,Speeding
white,False,3:53,12,Speeding
white,True,14:39,16,Speeding
white,False,6:43,27,DUI
white,False,17:37,28,DUI
black,False,9:37,54,Equipment
black,True,18:47,42,Speeding
white,False,14:1,16,Equipment
white,False,3:39,30,Speeding
black,True,1:15,4,Speeding
white,False,5:51,44,Other
white,False,6:19,31,Other
white,False,23:21,34,DUI
white,False,8:2,21,Equipment
white,True,15:17,37,DUI
black,True,7:17,54,Equipment
black,True,17:59,31,Speeding
white,True,11:36,2,Speeding
black,False,0:53,3,DUI
white,False,22:2,54,DUI
black,False,10:53,41,Speeding
white,False,13:19,39,DUI
black,True,11:17,15,Equipment
white,True,23:0,58,Other
black,False,22:28,31,Other
black,False,10:0,1,Speeding
black,False,21:49,10,Equipment
white,True,4:21,38,DUI
white,True,20:27,13,Speeding
black,True,0:41,48,Equipment
white,False,19:40,55,Equipment
black,False,3:34,52,Other
white,False,14:6,54,Speeding
black,True,3:24,27,DUI
white,False,14:34,55,Speeding
black,True,20:16,59,Other
white,True,22:3,28,Equipment
black,False,10:59,59,Speeding
black,False,22:36,43,Other
white,True,9:16,45,Other
black,True,11:34,5,Equipment
black,True,20:14,4,Equipment
black,True,18:43,30,Equipment
white,False,1:12,10,Other
white,False,6:19,3,Speeding
black,True,6:20,1,DUI
white,False,18:29,32,DUI
white,True,0:45,46,Speeding
black,True,17:18,7,Equipment
black,False,14:31,55,Equipment
white,True,5:42,42,Equipment
black,True,2:4,43,Equipment
white,True,11:54,15,Other
black,True,8:14,11,Other
white,False,9:41,24,DUI
white,True,18:7,17,Other
white,False,0:39,25,Equipment
white,True,13:3,51,DUI
black,False,2:21,23,Equipment
black,True,4:5,34,DUI
black,False,22:9,27,Speeding
black,True,16:10,23,Speeding
white,False,21:31,4,Equipment
white,True,4:46,39,Equipment
black,False,18:9,4,Speeding
black,False,8:52,23,Speeding
white,False,22:29,40,Speeding
black,True,0:59,13,DUI
black,True,5:4,52,Speeding
white,True,3:35,2,DUI
black,False,22:4,53,Speeding
white,True,20:14,26,DUI
black,True,0:52,23,Equipment
white,True,15:58,35,Equipment
black,True,13:22,14,Equipment
white,False,23:31,49,Speeding
white,False,17:20,55,Other
black,True,4:4,26,Equipment
white,True,18:14,44,Other
white,True,6:20,23,Equipment
black,True,9:56,34,Speeding
white,False,8:30,46,Other
white,True,14:51,20,Speeding
white,True,18:22,26,DUI
white,False,1:4,12,Other
white,True,19:7,54,Speeding
black,True,5:7,31,Equipment
white,False,9:31,33,DUI
black,True,23:25,57,Speeding
white,False,20:11,21,Speeding
black,False,1:5,56,Equipment
black,True,18:13,28,Equipment
white,True,9:40,17,DUI
black,False,23:23,34,Equipment
white,True,7:47,6,DUI
white,True,2:21,52,Other
black,False,1:47,32,DUI
black,False,8:10,33,Speeding
black,True,5:27,57,Speeding
black,True,12:6,38,DUI
white,False,8:54,52,DUI
white,False,21:8,6,Speeding
white,False,11:34,4,Equipment
black,False,7:7,6,Speeding
white,False,8:15,40,Equipment
white,True,12:39,46,Equipment
black,False,20:49,47,DUI
black,True,23:51,47,Other
black,False,4:30,19,Other
black,True,0:37,55,Other
black,True,19:27,14,Other
white,False,9:36,4,Speeding
white,False,8:2,7,Equipment
black,True,6:48,18,Speeding
white,False,11:29,7,DUI
black,True,13:38,25,Equipment
white,True,0:50,44,Other
white,False,12:11,54,Equipment
white,True,10:48,24,DUI
white,True,3:38,57,DUI
white,False,21:50,45,Speeding
white,True,18:38,1,Speeding
black,False,16:22,57,DUI
white,False,20:48,6,Other
black,True,3:13,44,Other
black,False,16:47,32,Speeding
black,True,4:4,44,Speeding
white,True,3:36,56,Other
black,False,6:49,36,Speeding
white,True,11:56,38,Speeding
black,True,4:54,20,Speeding
black,True,8:44,35,Equipment
white,True,1:25,58,Speeding
black,True,11:33,9,Equipment
black,False,6:47,23,DUI
black,False,4:20,11,Equipment
black,True,15:8,13,Speeding
black,True,1:0,46,DUI
black,False,6:56,59,Other
white,False,11:17,30,DUI
white,False,13:6,28,Speeding
white,False,4:27,35,Equipment
white,False,10:54,33,Other
white,True,21:4,53,Speeding
black,False,2:32,28,Speeding
black,True,10:15,53,Equipment
white,True,1:45,15,Speeding
white,False,23:1,53,DUI
black,False,1:42,33,Equipment
black,False,9:58,2,Speeding
black,True,2:18,3,Equipment
white,False,12:32,34,Other
black,True,12:40,9,Equipment
black,True,21:7,50,Equipment
white,False,1:58,44,Speeding
black,False,19:34,23,Speeding
black,False,1:7,46,DUI
black,False,6:34,38,Other
black,True,0:2,31,DUI
black,True,15:42,39,Equipment
black,True,4:40,26,Equipment
white,False,12:20,36,Speeding
black,False,13:1,38,DUI
black,False,22:49,55,Other
white,True,4:10,58,Other
white,False,13:28,29,Equipment
white,True,22:37,26,Speeding
white,True,5:41,38,Equipment
white,True,12:50,38,Other
black,True,2:3,16,DUI
white,True,18:44,17,DUI
white,False,14:43,8,Other
white,True,21:8,35,Other
white,False,5:50,58,Equipment
white,False,16:58,55,Other
black,True,21:25,39,Other
white,False,15:57,50,Equipment
white,True,15:29,20,Speeding
black,False,12:30,38,Equipment
white,True,19:49,25,DUI
black,False,15:6,32,Other
black,True,3:20,30,Other
white,False,3:49,43,DUI
black,True,4:3,3,Other
white,True,18:15,10,Speeding
white,False,15:24,53,Equipment
white,True,23:20,50,Other
white,True,15:52,34,Speeding
white,True,0:15,49,Other
black,True,8:28,33,Speeding
black,False,8:0,50,DUI
black,False,1:42,54,Other
white,False,5:3,40,Other
white,False,15:56,16,Speeding
white,True,9:53,31,Other
white,True,9:45,31,Speeding
black,False,15:6,11,Equipment
white,True,23:24,52,Other
white,False,15:40,29,Speeding
white,True,13:33,33,Equipment
white,True,6:14,18,Other
white,True,12:38,32,DUI
white,False,3:50,32,Equipment
black,True,3:23,5,Speeding
black,False,19:24,46,Equipment
black,True,2:9,11,Speeding
black,True,5:34,51,Other
white,False,1:11,29,Equipment
black,True,17:1,14,Other
black,True,21:33,54,Speeding
white,False,0:53,45,Other
white,False,21:16,49,Other
white,False,21:16,3,Other
black,True,17:42,1,DUI
white,True,15:46,57,Other
black,False,11:12,26,Other
white,True,7:16,32,Equipment
white,True,22:20,17,Speeding
black,True,7:44,33,DUI
black,False,4:31,52,Equipment
black,False,12:30,57,Other
white,False,21:44,44,Other
black,False,11:24,2,Other
white,False,13:21,43,Other
white,False,2:53,29,Equipment
black,True,7:35,36,Equipment
black,True,17:58,39,DUI
white,False,20:15,49,DUI
black,False,13:33,46,Other
white,True,23:39,56,Equipment
black,False,10:58,31,DUI
black,True,9:43,29,Equipment
black,True,0:42,46,Other
white,True,3:17,16,Other
white,False,19:42,39,Equipment
black,False,15:25,10,Equipment
white,True,12:33,22,Equipment
white,True,18:15,7,Other
black,True,22:25,3,DUI
white,True,2:27,9,Equipment
white,False,7:46,18,Other
black,True,18:9,7,Speeding
white,False,5:28,10,Other
white,False,21:55,12,Other
white,True,14:38,50,Other
white,False,23:3,25,Speeding
white,False,4:23,52,Equipment
white,False,20:52,29,DUI
black,False,11:18,18,Equipment
black,False,20:2,26,DUI
white,True,23:36,5,Equipment
white,False,10:19,57,DUI
black,True,16:58,55,Other
black,True,1:9,22,Other
black,True,13:11,4,Equipment
white,True,6:34,46,DUI
white,False,21:36,32,DUI
white,True,4:26,4,Speeding
white,True,5:26,4,Equipment
white,True,6:50,20,DUI
white,True,17:9,39,DUI
black,True,18:1,15,Other
white,False,18:28,33,Other
black,True,6:40,6,Equipment
black,False,17:26,44,Equipment
black,True,14:54,20,Equipment
white,True,1:46,4,Speeding
white,True,21:48,26,Equipment
black,True,23:23,8,Speeding
white,False,5:35,51,Equipment
black,False,19:11,35,Equipment
black,True,9:13,43,DUI
white,True,5:37,14,DUI
white,True,23:33,5,Equipment
white,True,17:42,13,Speeding
white,True,15:31,32,Other
black,True,23:33,55,Other
black,True,4:20,56,Other
black,False,0:59,13,Speeding
black,False,23:31,27,Speeding
black,True,9:11,51,Other
white,True,3:4,17,DUI
black,False,2:3,31,Equipment
black,False,14:24,41,Equipment
black,True,17:18,27,Speeding
white,True,7:14,37,Other
white,False,7:18,51,DUI
white,True,9:30,13,Speeding
black,True,5:59,50,Other
black,True,5:35,26,DUI
black,True,16:40,59,Speeding
white,True,11:30,1,DUI
black,True,23:8,19,Other
white,True,23:57,44,Speeding
white,False,22:49,11,Equipment
black,True,5:11,55,DUI
white,False,8:38,42,Other
black,False,7:53,45,Equipment
white,True,9:12,8,Speeding
black,False,5:47,55,Speeding
white,False,17:8,8,Equipment
white,False,11:51,4,Speeding
black,True,11:19,29,Other
black,True,1:57,31,Other
black,True,20:12,19,Equipment
black,True,14:9,44,Speeding
white,True,2:43,34,DUI
black,False,7:4,28,Other
black,False,3:1,11,Equipment
white,True,23:12,8,DUI
white,True,13:13,29,Speeding
black,False,6:14,48,DUI
black,False,15:2,29,Other
white,True,21:1,30,DUI
white,False,18:38,56,DUI
black,True,3:54,19,Other
white,True,12:17,13,Speeding
black,True,16:11,10,Equipment
black,False,0:51,15,Speeding
white,False,15:46,3,Speeding
white,True,0:30,6,Equipment
white,True,19:31,34,Other
black,True,23:11,55,Speeding
white,True,3:18,31,DUI
black,True,9:3,34,Equipment
white,False,0:29,32,DUI
black,False,20:0,46,DUI
white,False,9:58,54,DUI
black,True,23:3,56,Speeding
black,True,0:39,38,Equipment
white,True,2:20,1,DUI
white,True,6:20,12,Speeding
black,True,5:45,42,Speeding
white,False,5:22,46,Speeding
black,False,11:40,28,Other
black,False,12:48,36,DUI
white,True,3:54,46,Speeding
black,False,11:54,27,DUI
black,False,22:30,7,DUI
black,False,9:9,30,Speeding
black,True,17:49,14,Equipment
white,True,8:50,24,Equipment
white,True,14:21,30,DUI
white,False,18:36,12,DUI
white,True,3:52,8,Other
black,False,8:30,29,Other
white,True,17:22,49,DUI
white,False,23:46,9,Other
black,False,20:42,56,Other
black,False,5:22,57,Other
black,True,17:16,21,Other
white,True,2:22,44,DUI
white,True,12:4,8,Other
white,False,2:16,52,Equipment
black,True,19:21,30,Other
black,True,15:6,13,Speeding
white,True,16:26,52,Other
black,False,4:48,14,DUI
black,False,15:25,38,Equipment
white,False,21:17,47,DUI
white,False,2:36,47,DUI
white,True,11:9,3,Speeding
white,False,0:28,27,Other
black,True,13:46,21,Equipment
black,False,4:49,36,Speeding
black,False,21:42,10,Equipment
black,False,18:2,1,Equipment
white,False,8:43,19,Speeding
black,False,5:28,7,Other
black,False,6:18,25,Other
black,False,17:42,56,Speeding
white,True,19:12,5,Equipment
black,True,15:58,53,Equipment
black,True,13:6,35,Equipment
white,False,7:2,56,DUI
white,False,14:21,24,Equipment
white,False,8:35,53,Speeding
white,True,16:33,18,Equipment
white,True,17:32,20,Equipment
black,False,8:20,3,Equipment
white,False,20:7,21,DUI
white,True,21:51,20,DUI
white,False,8:39,48,Speeding
white,True,7:45,42,Equipment
white,True,11:42,7,Speeding
white,True,22:22,50,Speeding
black,True,22:46,11,DUI
black,True,17:21,55,Equipment
white,True,18:19,23,Speeding
white,False,6:16,8,Speeding
white,False,23:45,9,Other
white,False,13:23,30,DUI
black,True,20:22,50,Speeding
black,False,4:5,36,DUI
white,True,16:39,1,Equipment
black,True,22:54,11,Equipment
